{"stats":{"minecraft:crafted":{"minecraft:stone_sword":1,"minecraft:stone_shovel":1,"minecraft:cooked_chicken":2,"minecraft:spruce_door":3,"minecraft:glass_pane":112,"minecraft:stick":156,"minecraft:wooden_pickaxe":1,"minecraft:oak_fence":36,"minecraft:cooked_porkchop":4,"minecraft:wooden_shovel":1,"minecraft:air":0,"minecraft:furnace":2,"minecraft:iron_ingot":12,"minecraft:glass":46,"minecraft:crafting_table":3,"minecraft:torch":60,"minecraft:spruce_stairs":12,"minecraft:shield":1,"minecraft:stone_axe":1,"minecraft:oak_planks":192,"minecraft:spruce_planks":180,"minecraft:iron_pickaxe":2,"minecraft:iron_shovel":2,"minecraft:iron_sword":1,"minecraft:iron_axe":1},"minecraft:picked_up":{"minecraft:spruce_planks":4,"minecraft:enchanted_book":1,"minecraft:spruce_sapling":10,"minecraft:dirt":468,"minecraft:cobblestone":152,"minecraft:glass":4,"minecraft:redstone":35,"minecraft:torch":12,"minecraft:spruce_log":156,"minecraft:leaf_litter":3,"minecraft:coal":68,"minecraft:stone_pickaxe":1,"minecraft:cooked_mutton":2,"minecraft:oak_log":52,"minecraft:firefly_bush":3,"minecraft:oak_fence":7,"minecraft:sand":111,"minecraft:furnace":1,"minecraft:birch_planks":1,"minecraft:wheat_seeds":18,"minecraft:glass_pane":40,"minecraft:granite":10,"minecraft:iron_pickaxe":1,"minecraft:lapis_lazuli":37,"minecraft:emerald":4,"minecraft:spruce_stairs":8,"minecraft:egg":3,"minecraft:porkchop":3,"minecraft:diorite":12,"minecraft:stick":9,"minecraft:feather":8,"minecraft:chicken":2,"minecraft:crafting_table":5,"minecraft:snowball":24,"minecraft:raw_copper":18,"minecraft:oak_sapling":4,"minecraft:iron_ingot":17,"minecraft:rotten_flesh":4,"minecraft:raw_iron":21,"minecraft:andesite":17,"minecraft:stone_sword":1,"minecraft:blue_bed":8,"minecraft:tuff_bricks":34,"minecraft:spruce_door":1,"minecraft:chest":1},"minecraft:used":{"minecraft:stone_axe":103,"minecraft:oak_fence":7,"minecraft:iron_axe":178,"minecraft:iron_pickaxe":218,"minecraft:spruce_stairs":18,"minecraft:andesite":5,"minecraft:spruce_log":93,"minecraft:stone_shovel":131,"minecraft:glass":5,"minecraft:cooked_mutton":2,"minecraft:glass_pane":152,"minecraft:furnace":3,"minecraft:cooked_porkchop":3,"minecraft:granite":10,"minecraft:torch":62,"minecraft:blue_bed":8,"minecraft:dirt":38,"minecraft:iron_shovel":501,"minecraft:stone_sword":72,"minecraft:spruce_planks":122,"minecraft:wooden_pickaxe":20,"minecraft:spruce_door":3,"minecraft:cooked_chicken":2,"minecraft:cobblestone":101,"minecraft:wooden_shovel":18,"minecraft:crafting_table":8,"minecraft:chest":1,"minecraft:oak_planks":56,"minecraft:oak_sapling":1,"minecraft:tuff_bricks":34,"minecraft:stone_pickaxe":108},"minecraft:dropped":{"minecraft:cobblestone":21,"minecraft:oak_planks":16,"minecraft:andesite":12,"minecraft:stone_sword":1,"minecraft:oak_log":4,"minecraft:birch_planks":1,"minecraft:wooden_pickaxe":1,"minecraft:wooden_shovel":1,"minecraft:iron_ingot":9,"minecraft:firefly_bush":3,"minecraft:iron_pickaxe":1,"minecraft:stone_pickaxe":1,"minecraft:cooked_porkchop":1,"minecraft:diorite":12,"minecraft:oak_sapling":3},"minecraft:broken":{"minecraft:stone_shovel":1,"minecraft:iron_shovel":1},"minecraft:custom":{"minecraft:interact_with_crafting_table":35,"minecraft:talked_to_villager":1,"minecraft:time_since_rest":4862,"minecraft:walk_one_cm":503491,"minecraft:leave_game":1,"minecraft:walk_under_water_one_cm":290,"minecraft:damage_taken":611,"minecraft:mob_kills":8,"minecraft:play_time":104736,"minecraft:damage_dealt":1223,"minecraft:jump":987,"minecraft:time_since_death":104736,"minecraft:drop":36,"minecraft:interact_with_furnace":29,"minecraft:sprint_one_cm":103452,"minecraft:open_chest":14,"minecraft:sleep_in_bed":8,"minecraft:fall_one_cm":22615,"minecraft:total_world_time":104736,"minecraft:fly_one_cm":68948,"minecraft:walk_on_water_one_cm":2112,"minecraft:crouch_one_cm":753,"minecraft:sneak_time":128,"minecraft:climb_one_cm":1020},"minecraft:mined":{"minecraft:redstone_ore":3,"minecraft:granite":10,"minecraft:glass_pane":12,"minecraft:spruce_log":161,"minecraft:bush":3,"minecraft:chest":1,"minecraft:glass":2,"minecraft:coal_ore":36,"minecraft:diorite":7,"minecraft:cobblestone":21,"minecraft:short_grass":114,"minecraft:oak_leaves":5,"minecraft:spruce_planks":4,"minecraft:crafting_table":4,"minecraft:leaf_litter":4,"minecraft:spruce_stairs":8,"minecraft:large_fern":11,"minecraft:waxed_oxidized_copper":1,"minecraft:copper_ore":2,"minecraft:waxed_weathered_copper_bulb":1,"minecraft:blue_bed":7,"minecraft:glow_lichen":1,"minecraft:firefly_bush":3,"minecraft:waxed_copper_block":7,"minecraft:tall_grass":22,"minecraft:tall_seagrass":2,"minecraft:dirt":79,"minecraft:andesite":26,"minecraft:grass_block":430,"minecraft:oak_fence":7,"minecraft:spruce_leaves":60,"minecraft:chiseled_tuff_bricks":5,"minecraft:polished_tuff":1,"minecraft:tuff_bricks":42,"minecraft:spruce_door":1,"minecraft:fern":2,"minecraft:sand":114,"minecraft:snow":31,"minecraft:seagrass":1,"minecraft:oak_log":48,"minecraft:iron_ore":21,"minecraft:stone":152,"minecraft:lapis_ore":6},"minecraft:killed":{"minecraft:zombie":4,"minecraft:chicken":2,"minecraft:pig":1,"minecraft:bat":1}},"DataVersion":4325}