{"stats":{"minecraft:crafted":{"minecraft:stone_sword":1,"minecraft:blue_bed":1,"minecraft:wooden_sword":1,"minecraft:yellow_dye":1,"minecraft:birch_planks":100,"minecraft:gold_ingot":2,"minecraft:stone_pickaxe":2,"minecraft:cooked_mutton":11,"minecraft:spruce_door":3,"minecraft:glass_pane":64,"minecraft:stick":44,"minecraft:wooden_pickaxe":2,"minecraft:spruce_slab":174,"minecraft:cooked_beef":1,"minecraft:blue_dye":1,"minecraft:yellow_bed":1,"minecraft:chest":4,"minecraft:iron_nugget":1,"minecraft:furnace":2,"minecraft:iron_ingot":18,"minecraft:copper_ingot":2,"minecraft:glass":21,"minecraft:crafting_table":1,"minecraft:torch":16,"minecraft:white_bed":2,"minecraft:spruce_stairs":60,"minecraft:shield":1,"minecraft:stone_axe":1,"minecraft:oak_planks":84,"minecraft:spruce_planks":228,"minecraft:iron_pickaxe":1,"minecraft:iron_shovel":2,"minecraft:iron_sword":2,"minecraft:iron_axe":1},"minecraft:picked_up":{"minecraft:spruce_sapling":1,"minecraft:cobblestone":179,"minecraft:glass":7,"minecraft:white_bed":2,"minecraft:leather":1,"minecraft:redstone":20,"minecraft:lead":1,"minecraft:brown_mushroom":5,"minecraft:firefly_bush":3,"minecraft:gold_ingot":4,"minecraft:iron_sword":1,"minecraft:granite":1,"minecraft:porkchop":5,"minecraft:waxed_oxidized_cut_copper":1,"minecraft:stick":2,"minecraft:chicken":3,"minecraft:cooked_porkchop":5,"minecraft:iron_axe":2,"minecraft:iron_ingot":5,"minecraft:cooked_chicken":3,"minecraft:raw_iron":21,"minecraft:spruce_slab":76,"minecraft:wooden_shovel":1,"minecraft:waxed_oxidized_copper_grate":2,"minecraft:raw_gold":8,"minecraft:dandelion":1,"minecraft:tuff_bricks":11,"minecraft:mutton":11,"minecraft:gunpowder":1,"minecraft:chest":1,"minecraft:yellow_bed":8,"minecraft:spruce_planks":26,"minecraft:dirt":112,"minecraft:gravel":8,"minecraft:torch":31,"minecraft:spruce_log":57,"minecraft:leaf_litter":7,"minecraft:coal":38,"minecraft:oak_log":21,"minecraft:sand":68,"minecraft:birch_planks":68,"minecraft:birch_log":25,"minecraft:furnace":15,"minecraft:wheat_seeds":5,"minecraft:spruce_stairs":5,"minecraft:diorite":2,"minecraft:waxed_copper_block":2,"minecraft:wooden_pickaxe":1,"minecraft:feather":4,"minecraft:white_wool":8,"minecraft:oak_planks":193,"minecraft:crafting_table":11,"minecraft:snowball":4,"minecraft:raw_copper":14,"minecraft:oak_sapling":1,"minecraft:andesite":11,"minecraft:rotten_flesh":3,"minecraft:beef":1,"minecraft:iron_nugget":6,"minecraft:blue_bed":2,"minecraft:waxed_oxidized_copper":2,"minecraft:cornflower":1},"minecraft:used":{"minecraft:stone_axe":42,"minecraft:iron_axe":182,"minecraft:leaf_litter":7,"minecraft:yellow_bed":8,"minecraft:shield":2,"minecraft:iron_pickaxe":86,"minecraft:spruce_stairs":59,"minecraft:andesite":1,"minecraft:iron_sword":4,"minecraft:birch_planks":70,"minecraft:cooked_mutton":4,"minecraft:glass_pane":24,"minecraft:furnace":16,"minecraft:cooked_porkchop":1,"minecraft:blue_bed":1,"minecraft:torch":28,"minecraft:dirt":20,"minecraft:iron_shovel":59,"minecraft:stone_sword":71,"minecraft:spruce_planks":6,"minecraft:wooden_pickaxe":81,"minecraft:spruce_door":2,"minecraft:cooked_chicken":3,"minecraft:cobblestone":70,"minecraft:spruce_slab":209,"minecraft:cooked_beef":1,"minecraft:crafting_table":9,"minecraft:chest":5,"minecraft:snowball":3,"minecraft:spruce_sapling":1,"minecraft:tuff_bricks":4,"minecraft:white_bed":2,"minecraft:stone_pickaxe":101},"minecraft:dropped":{"minecraft:rotten_flesh":3,"minecraft:iron_axe":2,"minecraft:waxed_oxidized_copper_grate":2,"minecraft:glass":4,"minecraft:white_wool":2,"minecraft:dirt":22,"minecraft:raw_copper":12,"minecraft:wheat_seeds":4,"minecraft:iron_ingot":1,"minecraft:iron_nugget":6,"minecraft:feather":4,"minecraft:stone_pickaxe":1,"minecraft:blue_bed":2,"minecraft:coal":31,"minecraft:oak_sapling":1,"minecraft:waxed_copper_block":2,"minecraft:waxed_oxidized_copper":2,"minecraft:redstone":20,"minecraft:yellow_bed":1,"minecraft:furnace":1,"minecraft:iron_sword":1,"minecraft:crafting_table":2,"minecraft:glass_pane":40,"minecraft:waxed_oxidized_cut_copper":1,"minecraft:cooked_mutton":2},"minecraft:broken":{"minecraft:wooden_pickaxe":1},"minecraft:custom":{"minecraft:damage_blocked_by_shield":20,"minecraft:interact_with_crafting_table":47,"minecraft:time_since_rest":4987,"minecraft:talked_to_villager":2,"minecraft:walk_one_cm":299242,"minecraft:leave_game":1,"minecraft:damage_taken":608,"minecraft:mob_kills":19,"minecraft:damage_dealt":1807,"minecraft:play_time":107094,"minecraft:jump":1223,"minecraft:time_since_death":107094,"minecraft:drop":42,"minecraft:interact_with_furnace":42,"minecraft:sprint_one_cm":167898,"minecraft:open_chest":10,"minecraft:sleep_in_bed":9,"minecraft:fall_one_cm":39820,"minecraft:total_world_time":107094,"minecraft:fly_one_cm":174155,"minecraft:walk_on_water_one_cm":2803},"minecraft:mined":{"minecraft:torch":22,"minecraft:redstone_ore":4,"minecraft:glass_pane":7,"minecraft:granite":1,"minecraft:spruce_log":57,"minecraft:bush":2,"minecraft:chest":1,"minecraft:glass":3,"minecraft:dandelion":1,"minecraft:coal_ore":22,"minecraft:diorite":1,"minecraft:cobblestone":26,"minecraft:waxed_oxidized_cut_copper":1,"minecraft:white_bed":2,"minecraft:gravel":8,"minecraft:short_grass":9,"minecraft:brown_mushroom":5,"minecraft:oak_leaves":1,"minecraft:dirt_path":1,"minecraft:spruce_planks":6,"minecraft:furnace":15,"minecraft:crafting_table":10,"minecraft:birch_log":25,"minecraft:spruce_stairs":5,"minecraft:leaf_litter":2,"minecraft:waxed_oxidized_copper":1,"minecraft:waxed_oxidized_copper_grate":2,"minecraft:copper_ore":5,"minecraft:blue_bed":1,"minecraft:glow_lichen":2,"minecraft:tall_grass":3,"minecraft:dirt":37,"minecraft:gold_ore":6,"minecraft:andesite":5,"minecraft:grass_block":25,"minecraft:spruce_leaves":12,"minecraft:tuff_bricks":12,"minecraft:wall_torch":6,"minecraft:fern":1,"minecraft:sand":21,"minecraft:yellow_bed":7,"minecraft:spruce_slab":76,"minecraft:cornflower":1,"minecraft:oak_log":21,"minecraft:birch_planks":23,"minecraft:iron_ore":21,"minecraft:stone":112},"minecraft:killed":{"minecraft:zombie":3,"minecraft:creeper":1,"minecraft:chicken":3,"minecraft:sheep":7,"minecraft:pig":3,"minecraft:cow":1,"minecraft:spider":1}},"DataVersion":4325}